<?xml version='1.0' encoding='UTF-8'?>
<widget xmlns="http://www.w3.org/ns/widgets" xmlns:intelxdk="http://xdk.intel.com/ns/v1" id="xdk.intel.blank.ad.template.crosswalk" version="0.0.1" android-versionCode="1">
<!--This file is generated by the Intel XDK. Do not edit this file as your edits will be lost.           -->
<!--To change the contents of this file, see the documentation on the intelxdk.config.additions.xml file.-->
<intelxdk:version value="1.0"/>
<intelxdk:cordova-cli version="4.1.2"/>
<name>TinyCam</name>
<description>Template to develop a Cordova mobile web app using the App Designer UI editor.</description>
<author>Intel XDK</author>
<content src="index.html"/>
<intelxdk:plugin intelxdk:name="Device" intelxdk:value="org.apache.cordova.device" intelxdk:version="0.2.13"/>
<intelxdk:plugin intelxdk:name="SplashScreen" intelxdk:value="org.apache.cordova.splashscreen" intelxdk:version="0.3.5"/>
<intelxdk:plugin intelxdk:name="File" intelxdk:value="org.apache.cordova.file" intelxdk:version="1.3.2"/>
<intelxdk:plugin intelxdk:name="Camera" intelxdk:value="org.apache.cordova.camera" intelxdk:version="0.3.4"/>
<intelxdk:plugin intelxdk:name="Capture" intelxdk:value="org.apache.cordova.media-capture" intelxdk:version="0.3.5"/>
<intelxdk:plugin intelxdk:name="Dialogs (notification)" intelxdk:value="org.apache.cordova.dialogs" intelxdk:version="0.2.11"/>
<preference name="android-minSdkVersion" value="14"/>
<preference name="android-targetSdkVersion" value="19"/>
<preference name="android-installLocation" value="auto"/>
<intelxdk:crosswalk version="10"/>
<!--creationInfo:{"src":"appDesigner","projectTypeName":"com.intel.xdk.projecttype.jsapp"}-->
<preference name="debuggable" value="false"/></widget>